service_limited,cpus_given,tracing,jaeger_e2e
compose-post-service,0.1,compose-post-service,69888.998
home-timeline-service,0.1,compose-post-service,3.971
media-service,0.1,compose-post-service,5.549
post-storage-service,0.1,compose-post-service,5.224
social-graph-service,0.1,compose-post-service,5.475
text-service,0.1,compose-post-service,19601.683
unique-id-service,0.1,compose-post-service,4.939
url-shorten-service,0.1,compose-post-service,5.241
user-mention-service,0.1,compose-post-service,0.365
user-service,0.1,compose-post-service,6.368
user-timeline-service,0.1,compose-post-service,5.548
compose-post-service,0.2,compose-post-service,50703.713
home-timeline-service,0.2,compose-post-service,4.618
media-service,0.2,compose-post-service,4.210
post-storage-service,0.2,compose-post-service,4.245
social-graph-service,0.2,compose-post-service,4.725
text-service,0.2,compose-post-service,5.845
unique-id-service,0.2,compose-post-service,4.457
url-shorten-service,0.2,compose-post-service,5.594
user-mention-service,0.2,compose-post-service,5.919
user-service,0.2,compose-post-service,5.740
user-timeline-service,0.2,compose-post-service,5.784
compose-post-service,0.3,compose-post-service,101.067
home-timeline-service,0.3,compose-post-service,6.055
media-service,0.3,compose-post-service,5.637
post-storage-service,0.3,compose-post-service,5.281
social-graph-service,0.3,compose-post-service,5.346
text-service,0.3,compose-post-service,5.485
unique-id-service,0.3,compose-post-service,5.528
url-shorten-service,0.3,compose-post-service,4.893
user-mention-service,0.3,compose-post-service,6.008
user-service,0.3,compose-post-service,6.403
user-timeline-service,0.3,compose-post-service,5.147
compose-post-service,0.4,compose-post-service,4.103
home-timeline-service,0.4,compose-post-service,5.998
media-service,0.4,compose-post-service,4.797
post-storage-service,0.4,compose-post-service,4.581
social-graph-service,0.4,compose-post-service,4.409
text-service,0.4,compose-post-service,4.146
unique-id-service,0.4,compose-post-service,5.162
url-shorten-service,0.4,compose-post-service,5.313
user-mention-service,0.4,compose-post-service,5.745
user-service,0.4,compose-post-service,5.190
user-timeline-service,0.4,compose-post-service,4.862
compose-post-service,0.5,compose-post-service,4.224
home-timeline-service,0.5,compose-post-service,4.724
media-service,0.5,compose-post-service,4.842
post-storage-service,0.5,compose-post-service,4.849
social-graph-service,0.5,compose-post-service,4.092
text-service,0.5,compose-post-service,5.274
unique-id-service,0.5,compose-post-service,3.879
url-shorten-service,0.5,compose-post-service,7.042
user-mention-service,0.5,compose-post-service,4.875
user-service,0.5,compose-post-service,5.101
user-timeline-service,0.5,compose-post-service,5.382
compose-post-service,0.6,compose-post-service,4.269
home-timeline-service,0.6,compose-post-service,5.965
media-service,0.6,compose-post-service,5.627
post-storage-service,0.6,compose-post-service,5.453
social-graph-service,0.6,compose-post-service,5.471
text-service,0.6,compose-post-service,5.238
unique-id-service,0.6,compose-post-service,4.694
url-shorten-service,0.6,compose-post-service,5.225
user-mention-service,0.6,compose-post-service,6.264
user-service,0.6,compose-post-service,5.397
user-timeline-service,0.6,compose-post-service,5.669
compose-post-service,0.7,compose-post-service,4.560
home-timeline-service,0.7,compose-post-service,5.636
media-service,0.7,compose-post-service,5.268
post-storage-service,0.7,compose-post-service,5.230
social-graph-service,0.7,compose-post-service,5.320
text-service,0.7,compose-post-service,5.222
unique-id-service,0.7,compose-post-service,4.983
url-shorten-service,0.7,compose-post-service,4.649
user-mention-service,0.7,compose-post-service,6.070
user-service,0.7,compose-post-service,5.274
user-timeline-service,0.7,compose-post-service,8.719
compose-post-service,0.8,compose-post-service,6.217
home-timeline-service,0.8,compose-post-service,4.346
media-service,0.8,compose-post-service,5.211
post-storage-service,0.8,compose-post-service,4.248
social-graph-service,0.8,compose-post-service,5.167
text-service,0.8,compose-post-service,5.546
unique-id-service,0.8,compose-post-service,5.503
url-shorten-service,0.8,compose-post-service,5.904
user-mention-service,0.8,compose-post-service,5.198
user-service,0.8,compose-post-service,4.863
user-timeline-service,0.8,compose-post-service,4.681
compose-post-service,0.9,compose-post-service,5.003
home-timeline-service,0.9,compose-post-service,5.039
media-service,0.9,compose-post-service,5.634
post-storage-service,0.9,compose-post-service,5.339
social-graph-service,0.9,compose-post-service,4.960
text-service,0.9,compose-post-service,5.040
unique-id-service,0.9,compose-post-service,5.130
url-shorten-service,0.9,compose-post-service,5.877
user-mention-service,0.9,compose-post-service,8.488
user-service,0.9,compose-post-service,5.444
user-timeline-service,0.9,compose-post-service,6.247
compose-post-service,1.0,compose-post-service,5.838
home-timeline-service,1.0,compose-post-service,4.101
media-service,1.0,compose-post-service,4.447
post-storage-service,1.0,compose-post-service,6.246
social-graph-service,1.0,compose-post-service,5.742
text-service,1.0,compose-post-service,5.197
unique-id-service,1.0,compose-post-service,6.820
url-shorten-service,1.0,compose-post-service,7.768
user-mention-service,1.0,compose-post-service,5.022
user-service,1.0,compose-post-service,5.009
user-timeline-service,1.0,compose-post-service,5.607
compose-post-service,0.1,home-timeline-service,69115.246
home-timeline-service,0.1,home-timeline-service,5.860
media-service,0.1,home-timeline-service,6.389
post-storage-service,0.1,home-timeline-service,4.595
social-graph-service,0.1,home-timeline-service,4.043
text-service,0.1,home-timeline-service,20201.772
unique-id-service,0.1,home-timeline-service,4.660
url-shorten-service,0.1,home-timeline-service,4.840
user-mention-service,0.1,home-timeline-service,14094.869
user-service,0.1,home-timeline-service,5.405
user-timeline-service,0.1,home-timeline-service,5.335
compose-post-service,0.2,home-timeline-service,50068.300
home-timeline-service,0.2,home-timeline-service,3.970
media-service,0.2,home-timeline-service,4.810
post-storage-service,0.2,home-timeline-service,6.089
social-graph-service,0.2,home-timeline-service,4.807
text-service,0.2,home-timeline-service,5.263
unique-id-service,0.2,home-timeline-service,6.796
url-shorten-service,0.2,home-timeline-service,5.106
user-mention-service,0.2,home-timeline-service,5.008
user-service,0.2,home-timeline-service,6.210
user-timeline-service,0.2,home-timeline-service,5.663
compose-post-service,0.3,home-timeline-service,200.974
home-timeline-service,0.3,home-timeline-service,5.308
media-service,0.3,home-timeline-service,6.073
post-storage-service,0.3,home-timeline-service,5.550
social-graph-service,0.3,home-timeline-service,6.771
text-service,0.3,home-timeline-service,6.143
unique-id-service,0.3,home-timeline-service,5.151
url-shorten-service,0.3,home-timeline-service,4.585
user-mention-service,0.3,home-timeline-service,4.908
user-service,0.3,home-timeline-service,5.045
user-timeline-service,0.3,home-timeline-service,5.494
compose-post-service,0.4,home-timeline-service,4.834
home-timeline-service,0.4,home-timeline-service,4.772
media-service,0.4,home-timeline-service,4.947
post-storage-service,0.4,home-timeline-service,4.049
social-graph-service,0.4,home-timeline-service,5.984
text-service,0.4,home-timeline-service,4.720
unique-id-service,0.4,home-timeline-service,6.921
url-shorten-service,0.4,home-timeline-service,5.480
user-mention-service,0.4,home-timeline-service,5.798
user-service,0.4,home-timeline-service,4.925
user-timeline-service,0.4,home-timeline-service,5.471
compose-post-service,0.5,home-timeline-service,5.952
home-timeline-service,0.5,home-timeline-service,6.049
media-service,0.5,home-timeline-service,5.692
post-storage-service,0.5,home-timeline-service,4.849
social-graph-service,0.5,home-timeline-service,4.771
text-service,0.5,home-timeline-service,6.449
unique-id-service,0.5,home-timeline-service,6.434
url-shorten-service,0.5,home-timeline-service,5.037
user-mention-service,0.5,home-timeline-service,5.732
user-service,0.5,home-timeline-service,4.526
user-timeline-service,0.5,home-timeline-service,4.751
compose-post-service,0.6,home-timeline-service,5.692
home-timeline-service,0.6,home-timeline-service,5.742
media-service,0.6,home-timeline-service,6.885
post-storage-service,0.6,home-timeline-service,5.678
social-graph-service,0.6,home-timeline-service,4.662
text-service,0.6,home-timeline-service,6.554
unique-id-service,0.6,home-timeline-service,5.766
url-shorten-service,0.6,home-timeline-service,5.895
user-mention-service,0.6,home-timeline-service,5.393
user-service,0.6,home-timeline-service,6.890
user-timeline-service,0.6,home-timeline-service,5.420
compose-post-service,0.7,home-timeline-service,4.776
home-timeline-service,0.7,home-timeline-service,4.407
media-service,0.7,home-timeline-service,4.759
post-storage-service,0.7,home-timeline-service,4.867
social-graph-service,0.7,home-timeline-service,4.150
text-service,0.7,home-timeline-service,5.232
unique-id-service,0.7,home-timeline-service,5.535
url-shorten-service,0.7,home-timeline-service,5.746
user-mention-service,0.7,home-timeline-service,5.798
user-service,0.7,home-timeline-service,7.505
user-timeline-service,0.7,home-timeline-service,5.757
compose-post-service,0.8,home-timeline-service,4.152
home-timeline-service,0.8,home-timeline-service,5.434
media-service,0.8,home-timeline-service,6.937
post-storage-service,0.8,home-timeline-service,4.772
social-graph-service,0.8,home-timeline-service,4.777
text-service,0.8,home-timeline-service,5.465
unique-id-service,0.8,home-timeline-service,5.541
url-shorten-service,0.8,home-timeline-service,7.646
user-mention-service,0.8,home-timeline-service,5.194
user-service,0.8,home-timeline-service,5.498
user-timeline-service,0.8,home-timeline-service,6.408
compose-post-service,0.9,home-timeline-service,5.103
home-timeline-service,0.9,home-timeline-service,4.465
media-service,0.9,home-timeline-service,4.152
post-storage-service,0.9,home-timeline-service,8.909
social-graph-service,0.9,home-timeline-service,5.221
text-service,0.9,home-timeline-service,4.933
unique-id-service,0.9,home-timeline-service,5.901
url-shorten-service,0.9,home-timeline-service,5.680
user-mention-service,0.9,home-timeline-service,5.624
user-service,0.9,home-timeline-service,5.468
user-timeline-service,0.9,home-timeline-service,6.287
compose-post-service,1.0,home-timeline-service,4.700
home-timeline-service,1.0,home-timeline-service,4.787
media-service,1.0,home-timeline-service,4.579
post-storage-service,1.0,home-timeline-service,5.979
social-graph-service,1.0,home-timeline-service,4.872
text-service,1.0,home-timeline-service,5.727
unique-id-service,1.0,home-timeline-service,5.169
url-shorten-service,1.0,home-timeline-service,7.768
user-mention-service,1.0,home-timeline-service,5.861
user-service,1.0,home-timeline-service,7.065
user-timeline-service,1.0,home-timeline-service,5.685
compose-post-service,0.1,media-service,73590.185
home-timeline-service,0.1,media-service,5.405
media-service,0.1,media-service,5.373
post-storage-service,0.1,media-service,5.794
social-graph-service,0.1,media-service,5.115
text-service,0.1,media-service,0.329
unique-id-service,0.1,media-service,6.200
url-shorten-service,0.1,media-service,4.991
user-mention-service,0.1,media-service,10639.352
user-service,0.1,media-service,6.773
user-timeline-service,0.1,media-service,5.087
compose-post-service,0.2,media-service,357.140
home-timeline-service,0.2,media-service,5.091
media-service,0.2,media-service,6.115
post-storage-service,0.2,media-service,3.994
social-graph-service,0.2,media-service,4.794
text-service,0.2,media-service,5.185
unique-id-service,0.2,media-service,5.203
url-shorten-service,0.2,media-service,5.056
user-mention-service,0.2,media-service,5.183
user-service,0.2,media-service,5.060
user-timeline-service,0.2,media-service,5.037
compose-post-service,0.3,media-service,601.485
home-timeline-service,0.3,media-service,4.663
media-service,0.3,media-service,4.945
post-storage-service,0.3,media-service,4.756
social-graph-service,0.3,media-service,4.159
text-service,0.3,media-service,5.434
unique-id-service,0.3,media-service,5.076
url-shorten-service,0.3,media-service,4.528
user-mention-service,0.3,media-service,5.282
user-service,0.3,media-service,5.273
user-timeline-service,0.3,media-service,6.804
compose-post-service,0.4,media-service,4.374
home-timeline-service,0.4,media-service,6.138
media-service,0.4,media-service,4.655
post-storage-service,0.4,media-service,4.462
social-graph-service,0.4,media-service,4.842
text-service,0.4,media-service,4.720
unique-id-service,0.4,media-service,5.417
url-shorten-service,0.4,media-service,7.618
user-mention-service,0.4,media-service,5.914
user-service,0.4,media-service,5.272
user-timeline-service,0.4,media-service,6.175
compose-post-service,0.5,media-service,5.150
home-timeline-service,0.5,media-service,5.169
media-service,0.5,media-service,6.020
post-storage-service,0.5,media-service,5.153
social-graph-service,0.5,media-service,5.608
text-service,0.5,media-service,5.106
unique-id-service,0.5,media-service,5.190
url-shorten-service,0.5,media-service,7.350
user-mention-service,0.5,media-service,5.579
user-service,0.5,media-service,4.512
user-timeline-service,0.5,media-service,5.748
compose-post-service,0.6,media-service,4.900
home-timeline-service,0.6,media-service,5.486
media-service,0.6,media-service,3.969
post-storage-service,0.6,media-service,4.979
social-graph-service,0.6,media-service,4.456
text-service,0.6,media-service,6.649
unique-id-service,0.6,media-service,5.076
url-shorten-service,0.6,media-service,4.912
user-mention-service,0.6,media-service,6.730
user-service,0.6,media-service,4.852
user-timeline-service,0.6,media-service,5.305
compose-post-service,0.7,media-service,5.531
home-timeline-service,0.7,media-service,5.193
media-service,0.7,media-service,5.580
post-storage-service,0.7,media-service,6.357
social-graph-service,0.7,media-service,6.221
text-service,0.7,media-service,6.079
unique-id-service,0.7,media-service,5.430
url-shorten-service,0.7,media-service,5.090
user-mention-service,0.7,media-service,5.914
user-service,0.7,media-service,7.219
user-timeline-service,0.7,media-service,5.510
compose-post-service,0.8,media-service,5.076
home-timeline-service,0.8,media-service,4.672
media-service,0.8,media-service,5.163
post-storage-service,0.8,media-service,7.419
social-graph-service,0.8,media-service,6.718
text-service,0.8,media-service,4.766
unique-id-service,0.8,media-service,5.769
url-shorten-service,0.8,media-service,6.608
user-mention-service,0.8,media-service,5.845
user-service,0.8,media-service,5.072
user-timeline-service,0.8,media-service,6.184
compose-post-service,0.9,media-service,4.957
home-timeline-service,0.9,media-service,4.049
media-service,0.9,media-service,4.409
post-storage-service,0.9,media-service,5.264
social-graph-service,0.9,media-service,7.060
text-service,0.9,media-service,4.215
unique-id-service,0.9,media-service,4.767
url-shorten-service,0.9,media-service,5.192
user-mention-service,0.9,media-service,6.211
user-service,0.9,media-service,6.142
user-timeline-service,0.9,media-service,5.247
compose-post-service,1.0,media-service,5.475
home-timeline-service,1.0,media-service,4.794
media-service,1.0,media-service,5.207
post-storage-service,1.0,media-service,4.970
social-graph-service,1.0,media-service,4.284
text-service,1.0,media-service,6.103
unique-id-service,1.0,media-service,5.236
url-shorten-service,1.0,media-service,4.890
user-mention-service,1.0,media-service,5.295
user-service,1.0,media-service,5.495
user-timeline-service,1.0,media-service,5.993
compose-post-service,0.1,nginx-web-server,13009.751
home-timeline-service,0.1,nginx-web-server,4.317
media-service,0.1,nginx-web-server,6.212
post-storage-service,0.1,nginx-web-server,4.507
social-graph-service,0.1,nginx-web-server,6.478
text-service,0.1,nginx-web-server,10001.593
unique-id-service,0.1,nginx-web-server,5.497
url-shorten-service,0.1,nginx-web-server,5.367
user-mention-service,0.1,nginx-web-server,6296.517
user-service,0.1,nginx-web-server,7.085
user-timeline-service,0.1,nginx-web-server,4.806
compose-post-service,0.2,nginx-web-server,13023.867
home-timeline-service,0.2,nginx-web-server,4.805
media-service,0.2,nginx-web-server,5.080
post-storage-service,0.2,nginx-web-server,4.857
social-graph-service,0.2,nginx-web-server,4.650
text-service,0.2,nginx-web-server,5.268
unique-id-service,0.2,nginx-web-server,5.244
url-shorten-service,0.2,nginx-web-server,5.594
user-mention-service,0.2,nginx-web-server,7.506
user-service,0.2,nginx-web-server,6.210
user-timeline-service,0.2,nginx-web-server,5.709
compose-post-service,0.3,nginx-web-server,101.739
home-timeline-service,0.3,nginx-web-server,5.208
media-service,0.3,nginx-web-server,4.811
post-storage-service,0.3,nginx-web-server,5.476
social-graph-service,0.3,nginx-web-server,6.451
text-service,0.3,nginx-web-server,5.762
unique-id-service,0.3,nginx-web-server,5.873
url-shorten-service,0.3,nginx-web-server,5.006
user-mention-service,0.3,nginx-web-server,5.175
user-service,0.3,nginx-web-server,7.858
user-timeline-service,0.3,nginx-web-server,6.750
compose-post-service,0.4,nginx-web-server,4.873
home-timeline-service,0.4,nginx-web-server,5.998
media-service,0.4,nginx-web-server,4.992
post-storage-service,0.4,nginx-web-server,4.705
social-graph-service,0.4,nginx-web-server,4.814
text-service,0.4,nginx-web-server,5.716
unique-id-service,0.4,nginx-web-server,6.650
url-shorten-service,0.4,nginx-web-server,6.342
user-mention-service,0.4,nginx-web-server,6.361
user-service,0.4,nginx-web-server,5.094
user-timeline-service,0.4,nginx-web-server,6.712
compose-post-service,0.5,nginx-web-server,5.022
home-timeline-service,0.5,nginx-web-server,5.041
media-service,0.5,nginx-web-server,5.681
post-storage-service,0.5,nginx-web-server,4.292
social-graph-service,0.5,nginx-web-server,4.427
text-service,0.5,nginx-web-server,5.630
unique-id-service,0.5,nginx-web-server,5.236
url-shorten-service,0.5,nginx-web-server,5.870
user-mention-service,0.5,nginx-web-server,6.561
user-service,0.5,nginx-web-server,5.101
user-timeline-service,0.5,nginx-web-server,4.901
compose-post-service,0.6,nginx-web-server,5.753
home-timeline-service,0.6,nginx-web-server,6.096
media-service,0.6,nginx-web-server,5.002
post-storage-service,0.6,nginx-web-server,5.934
social-graph-service,0.6,nginx-web-server,5.302
text-service,0.6,nginx-web-server,5.346
unique-id-service,0.6,nginx-web-server,6.883
url-shorten-service,0.6,nginx-web-server,6.300
user-mention-service,0.6,nginx-web-server,5.080
user-service,0.6,nginx-web-server,5.700
user-timeline-service,0.6,nginx-web-server,5.872
compose-post-service,0.7,nginx-web-server,3.890
home-timeline-service,0.7,nginx-web-server,5.752
media-service,0.7,nginx-web-server,5.986
post-storage-service,0.7,nginx-web-server,5.610
social-graph-service,0.7,nginx-web-server,4.996
text-service,0.7,nginx-web-server,6.506
unique-id-service,0.7,nginx-web-server,4.839
url-shorten-service,0.7,nginx-web-server,5.380
user-mention-service,0.7,nginx-web-server,4.991
user-service,0.7,nginx-web-server,6.259
user-timeline-service,0.7,nginx-web-server,4.957
compose-post-service,0.8,nginx-web-server,5.140
home-timeline-service,0.8,nginx-web-server,4.490
media-service,0.8,nginx-web-server,6.187
post-storage-service,0.8,nginx-web-server,4.522
social-graph-service,0.8,nginx-web-server,5.132
text-service,0.8,nginx-web-server,5.449
unique-id-service,0.8,nginx-web-server,5.794
url-shorten-service,0.8,nginx-web-server,5.517
user-mention-service,0.8,nginx-web-server,5.072
user-service,0.8,nginx-web-server,5.262
user-timeline-service,0.8,nginx-web-server,5.428
compose-post-service,0.9,nginx-web-server,5.159
home-timeline-service,0.9,nginx-web-server,4.669
media-service,0.9,nginx-web-server,4.494
post-storage-service,0.9,nginx-web-server,4.550
social-graph-service,0.9,nginx-web-server,5.707
text-service,0.9,nginx-web-server,4.727
unique-id-service,0.9,nginx-web-server,5.036
url-shorten-service,0.9,nginx-web-server,6.197
user-mention-service,0.9,nginx-web-server,5.544
user-service,0.9,nginx-web-server,6.450
user-timeline-service,0.9,nginx-web-server,5.792
compose-post-service,1.0,nginx-web-server,5.161
home-timeline-service,1.0,nginx-web-server,5.050
media-service,1.0,nginx-web-server,5.366
post-storage-service,1.0,nginx-web-server,4.559
social-graph-service,1.0,nginx-web-server,5.099
text-service,1.0,nginx-web-server,5.478
unique-id-service,1.0,nginx-web-server,5.468
url-shorten-service,1.0,nginx-web-server,4.746
user-mention-service,1.0,nginx-web-server,5.867
user-service,1.0,nginx-web-server,4.909
user-timeline-service,1.0,nginx-web-server,4.468
compose-post-service,0.1,post-storage-service,61184.613
home-timeline-service,0.1,post-storage-service,4.965
media-service,0.1,post-storage-service,5.569
post-storage-service,0.1,post-storage-service,4.625
social-graph-service,0.1,post-storage-service,6.239
text-service,0.1,post-storage-service,16600.082
unique-id-service,0.1,post-storage-service,5.450
url-shorten-service,0.1,post-storage-service,5.746
user-mention-service,0.1,post-storage-service,14800.688
user-service,0.1,post-storage-service,5.293
user-timeline-service,0.1,post-storage-service,5.548
compose-post-service,0.2,post-storage-service,57294.384
home-timeline-service,0.2,post-storage-service,4.763
media-service,0.2,post-storage-service,4.301
post-storage-service,0.2,post-storage-service,4.997
social-graph-service,0.2,post-storage-service,5.857
text-service,0.2,post-storage-service,5.364
unique-id-service,0.2,post-storage-service,6.904
url-shorten-service,0.2,post-storage-service,4.713
user-mention-service,0.2,post-storage-service,9.341
user-service,0.2,post-storage-service,5.381
user-timeline-service,0.2,post-storage-service,6.600
compose-post-service,0.3,post-storage-service,197.894
home-timeline-service,0.3,post-storage-service,4.863
media-service,0.3,post-storage-service,5.137
post-storage-service,0.3,post-storage-service,6.195
social-graph-service,0.3,post-storage-service,9.130
text-service,0.3,post-storage-service,5.221
unique-id-service,0.3,post-storage-service,5.970
url-shorten-service,0.3,post-storage-service,6.758
user-mention-service,0.3,post-storage-service,5.360
user-service,0.3,post-storage-service,4.807
user-timeline-service,0.3,post-storage-service,5.641
compose-post-service,0.4,post-storage-service,5.735
home-timeline-service,0.4,post-storage-service,4.455
media-service,0.4,post-storage-service,4.842
post-storage-service,0.4,post-storage-service,5.730
social-graph-service,0.4,post-storage-service,6.112
text-service,0.4,post-storage-service,4.995
unique-id-service,0.4,post-storage-service,4.769
url-shorten-service,0.4,post-storage-service,5.897
user-mention-service,0.4,post-storage-service,5.914
user-service,0.4,post-storage-service,5.628
user-timeline-service,0.4,post-storage-service,5.107
compose-post-service,0.5,post-storage-service,4.741
home-timeline-service,0.5,post-storage-service,4.804
media-service,0.5,post-storage-service,4.631
post-storage-service,0.5,post-storage-service,6.039
social-graph-service,0.5,post-storage-service,4.611
text-service,0.5,post-storage-service,5.066
unique-id-service,0.5,post-storage-service,5.646
url-shorten-service,0.5,post-storage-service,5.570
user-mention-service,0.5,post-storage-service,4.693
user-service,0.5,post-storage-service,5.623
user-timeline-service,0.5,post-storage-service,5.873
compose-post-service,0.6,post-storage-service,5.753
home-timeline-service,0.6,post-storage-service,4.269
media-service,0.6,post-storage-service,5.015
post-storage-service,0.6,post-storage-service,6.929
social-graph-service,0.6,post-storage-service,6.854
text-service,0.6,post-storage-service,7.076
unique-id-service,0.6,post-storage-service,4.975
url-shorten-service,0.6,post-storage-service,9.364
user-mention-service,0.6,post-storage-service,6.415
user-service,0.6,post-storage-service,5.884
user-timeline-service,0.6,post-storage-service,4.125
compose-post-service,0.7,post-storage-service,4.714
home-timeline-service,0.7,post-storage-service,7.019
media-service,0.7,post-storage-service,4.525
post-storage-service,0.7,post-storage-service,4.025
social-graph-service,0.7,post-storage-service,5.896
text-service,0.7,post-storage-service,4.748
unique-id-service,0.7,post-storage-service,4.921
url-shorten-service,0.7,post-storage-service,5.264
user-mention-service,0.7,post-storage-service,4.706
user-service,0.7,post-storage-service,5.911
user-timeline-service,0.7,post-storage-service,5.503
compose-post-service,0.8,post-storage-service,4.114
home-timeline-service,0.8,post-storage-service,4.410
media-service,0.8,post-storage-service,5.300
post-storage-service,0.8,post-storage-service,4.236
social-graph-service,0.8,post-storage-service,4.205
text-service,0.8,post-storage-service,4.601
unique-id-service,0.8,post-storage-service,5.252
url-shorten-service,0.8,post-storage-service,5.570
user-mention-service,0.8,post-storage-service,4.582
user-service,0.8,post-storage-service,5.481
user-timeline-service,0.8,post-storage-service,5.891
compose-post-service,0.9,post-storage-service,4.835
home-timeline-service,0.9,post-storage-service,4.381
media-service,0.9,post-storage-service,5.473
post-storage-service,0.9,post-storage-service,5.507
social-graph-service,0.9,post-storage-service,6.331
text-service,0.9,post-storage-service,4.635
unique-id-service,0.9,post-storage-service,4.585
url-shorten-service,0.9,post-storage-service,5.468
user-mention-service,0.9,post-storage-service,7.221
user-service,0.9,post-storage-service,5.622
user-timeline-service,0.9,post-storage-service,5.512
compose-post-service,1.0,post-storage-service,4.268
home-timeline-service,1.0,post-storage-service,4.303
media-service,1.0,post-storage-service,4.465
post-storage-service,1.0,post-storage-service,6.103
social-graph-service,1.0,post-storage-service,4.346
text-service,1.0,post-storage-service,6.223
unique-id-service,1.0,post-storage-service,5.451
url-shorten-service,1.0,post-storage-service,4.746
user-mention-service,1.0,post-storage-service,6.327
user-service,1.0,post-storage-service,5.267
user-timeline-service,1.0,post-storage-service,6.761
compose-post-service,0.1,social-graph-service,920.769
home-timeline-service,0.1,social-graph-service,5.266
media-service,0.1,social-graph-service,5.825
post-storage-service,0.1,social-graph-service,5.288
social-graph-service,0.1,social-graph-service,5.659
text-service,0.1,social-graph-service,19951.950
unique-id-service,0.1,social-graph-service,5.130
url-shorten-service,0.1,social-graph-service,5.196
user-mention-service,0.1,social-graph-service,13674.235
user-service,0.1,social-graph-service,5.635
user-timeline-service,0.1,social-graph-service,8.516
compose-post-service,0.2,social-graph-service,58117.857
home-timeline-service,0.2,social-graph-service,5.639
media-service,0.2,social-graph-service,4.827
post-storage-service,0.2,social-graph-service,4.662
social-graph-service,0.2,social-graph-service,5.016
text-service,0.2,social-graph-service,4.777
unique-id-service,0.2,social-graph-service,4.832
url-shorten-service,0.2,social-graph-service,4.903
user-mention-service,0.2,social-graph-service,6.975
user-service,0.2,social-graph-service,5.740
user-timeline-service,0.2,social-graph-service,5.892
compose-post-service,0.3,social-graph-service,14610.573
home-timeline-service,0.3,social-graph-service,5.161
media-service,0.3,social-graph-service,4.226
post-storage-service,0.3,social-graph-service,4.889
social-graph-service,0.3,social-graph-service,4.790
text-service,0.3,social-graph-service,4.689
unique-id-service,0.3,social-graph-service,5.720
url-shorten-service,0.3,social-graph-service,6.108
user-mention-service,0.3,social-graph-service,7.163
user-service,0.3,social-graph-service,5.612
user-timeline-service,0.3,social-graph-service,5.017
compose-post-service,0.4,social-graph-service,4.219
home-timeline-service,0.4,social-graph-service,5.998
media-service,0.4,social-graph-service,5.637
post-storage-service,0.4,social-graph-service,5.532
social-graph-service,0.4,social-graph-service,4.945
text-service,0.4,social-graph-service,5.471
unique-id-service,0.4,social-graph-service,4.819
url-shorten-service,0.4,social-graph-service,5.585
user-mention-service,0.4,social-graph-service,5.724
user-service,0.4,social-graph-service,5.199
user-timeline-service,0.4,social-graph-service,7.074
compose-post-service,0.5,social-graph-service,4.856
home-timeline-service,0.5,social-graph-service,4.904
media-service,0.5,social-graph-service,4.316
post-storage-service,0.5,social-graph-service,5.051
social-graph-service,0.5,social-graph-service,4.900
text-service,0.5,social-graph-service,4.853
unique-id-service,0.5,social-graph-service,5.902
url-shorten-service,0.5,social-graph-service,5.284
user-mention-service,0.5,social-graph-service,5.353
user-service,0.5,social-graph-service,4.699
user-timeline-service,0.5,social-graph-service,5.586
compose-post-service,0.6,social-graph-service,6.571
home-timeline-service,0.6,social-graph-service,5.153
media-service,0.6,social-graph-service,5.435
post-storage-service,0.6,social-graph-service,4.492
social-graph-service,0.6,social-graph-service,4.720
text-service,0.6,social-graph-service,6.627
unique-id-service,0.6,social-graph-service,5.283
url-shorten-service,0.6,social-graph-service,4.330
user-mention-service,0.6,social-graph-service,6.076
user-service,0.6,social-graph-service,7.377
user-timeline-service,0.6,social-graph-service,5.447
compose-post-service,0.7,social-graph-service,5.196
home-timeline-service,0.7,social-graph-service,6.349
media-service,0.7,social-graph-service,5.046
post-storage-service,0.7,social-graph-service,4.527
social-graph-service,0.7,social-graph-service,5.228
text-service,0.7,social-graph-service,5.067
unique-id-service,0.7,social-graph-service,4.510
url-shorten-service,0.7,social-graph-service,6.406
user-mention-service,0.7,social-graph-service,4.843
user-service,0.7,social-graph-service,5.082
user-timeline-service,0.7,social-graph-service,4.781
compose-post-service,0.8,social-graph-service,5.025
home-timeline-service,0.8,social-graph-service,4.089
media-service,0.8,social-graph-service,5.204
post-storage-service,0.8,social-graph-service,4.886
social-graph-service,0.8,social-graph-service,5.357
text-service,0.8,social-graph-service,4.654
unique-id-service,0.8,social-graph-service,7.112
url-shorten-service,0.8,social-graph-service,6.539
user-mention-service,0.8,social-graph-service,6.860
user-service,0.8,social-graph-service,6.125
user-timeline-service,0.8,social-graph-service,5.631
compose-post-service,0.9,social-graph-service,5.619
home-timeline-service,0.9,social-graph-service,6.288
media-service,0.9,social-graph-service,5.484
post-storage-service,0.9,social-graph-service,4.570
social-graph-service,0.9,social-graph-service,6.018
text-service,0.9,social-graph-service,4.254
unique-id-service,0.9,social-graph-service,5.604
url-shorten-service,0.9,social-graph-service,5.010
user-mention-service,0.9,social-graph-service,4.866
user-service,0.9,social-graph-service,5.926
user-timeline-service,0.9,social-graph-service,5.507
compose-post-service,1.0,social-graph-service,4.405
home-timeline-service,1.0,social-graph-service,6.117
media-service,1.0,social-graph-service,5.077
post-storage-service,1.0,social-graph-service,6.959
social-graph-service,1.0,social-graph-service,4.891
text-service,1.0,social-graph-service,5.240
unique-id-service,1.0,social-graph-service,5.675
url-shorten-service,1.0,social-graph-service,6.255
user-mention-service,1.0,social-graph-service,5.322
user-service,1.0,social-graph-service,5.568
user-timeline-service,1.0,social-graph-service,4.924
compose-post-service,0.1,text-service,396.595
home-timeline-service,0.1,text-service,5.095
media-service,0.1,text-service,5.684
post-storage-service,0.1,text-service,6.780
social-graph-service,0.1,text-service,5.045
text-service,0.1,text-service,10301.075
unique-id-service,0.1,text-service,5.070
url-shorten-service,0.1,text-service,4.599
user-mention-service,0.1,text-service,5198.180
user-service,0.1,text-service,5.640
user-timeline-service,0.1,text-service,4.390
compose-post-service,0.2,text-service,58073.206
home-timeline-service,0.2,text-service,6.134
media-service,0.2,text-service,4.855
post-storage-service,0.2,text-service,4.615
social-graph-service,0.2,text-service,4.515
text-service,0.2,text-service,6.637
unique-id-service,0.2,text-service,7.462
url-shorten-service,0.2,text-service,5.873
user-mention-service,0.2,text-service,7.648
user-service,0.2,text-service,7.396
user-timeline-service,0.2,text-service,6.970
compose-post-service,0.3,text-service,22128.955
home-timeline-service,0.3,text-service,5.516
media-service,0.3,text-service,5.615
post-storage-service,0.3,text-service,6.099
social-graph-service,0.3,text-service,4.271
text-service,0.3,text-service,5.006
unique-id-service,0.3,text-service,5.288
url-shorten-service,0.3,text-service,5.280
user-mention-service,0.3,text-service,4.745
user-service,0.3,text-service,5.065
user-timeline-service,0.3,text-service,5.503
compose-post-service,0.4,text-service,4.785
home-timeline-service,0.4,text-service,6.994
media-service,0.4,text-service,4.338
post-storage-service,0.4,text-service,4.028
social-graph-service,0.4,text-service,5.810
text-service,0.4,text-service,4.511
unique-id-service,0.4,text-service,5.692
url-shorten-service,0.4,text-service,6.348
user-mention-service,0.4,text-service,5.724
user-service,0.4,text-service,5.348
user-timeline-service,0.4,text-service,5.020
compose-post-service,0.5,text-service,5.142
home-timeline-service,0.5,text-service,4.797
media-service,0.5,text-service,5.956
post-storage-service,0.5,text-service,5.845
social-graph-service,0.5,text-service,4.371
text-service,0.5,text-service,5.083
unique-id-service,0.5,text-service,4.077
url-shorten-service,0.5,text-service,5.948
user-mention-service,0.5,text-service,5.274
user-service,0.5,text-service,5.129
user-timeline-service,0.5,text-service,5.747
compose-post-service,0.6,text-service,4.054
home-timeline-service,0.6,text-service,5.335
media-service,0.6,text-service,4.979
post-storage-service,0.6,text-service,4.799
social-graph-service,0.6,text-service,5.452
text-service,0.6,text-service,4.880
unique-id-service,0.6,text-service,4.971
url-shorten-service,0.6,text-service,7.582
user-mention-service,0.6,text-service,6.076
user-service,0.6,text-service,5.491
user-timeline-service,0.6,text-service,5.785
compose-post-service,0.7,text-service,4.948
home-timeline-service,0.7,text-service,6.134
media-service,0.7,text-service,5.986
post-storage-service,0.7,text-service,6.941
social-graph-service,0.7,text-service,4.150
text-service,0.7,text-service,5.142
unique-id-service,0.7,text-service,8.110
url-shorten-service,0.7,text-service,6.944
user-mention-service,0.7,text-service,6.070
user-service,0.7,text-service,4.821
user-timeline-service,0.7,text-service,5.840
compose-post-service,0.8,text-service,5.425
home-timeline-service,0.8,text-service,4.497
media-service,0.8,text-service,5.043
post-storage-service,0.8,text-service,3.835
social-graph-service,0.8,text-service,4.947
text-service,0.8,text-service,6.076
unique-id-service,0.8,text-service,5.266
url-shorten-service,0.8,text-service,7.143
user-mention-service,0.8,text-service,4.958
user-service,0.8,text-service,5.901
user-timeline-service,0.8,text-service,5.191
compose-post-service,0.9,text-service,5.676
home-timeline-service,0.9,text-service,4.891
media-service,0.9,text-service,4.540
post-storage-service,0.9,text-service,5.708
social-graph-service,0.9,text-service,5.219
text-service,0.9,text-service,7.838
unique-id-service,0.9,text-service,5.298
url-shorten-service,0.9,text-service,5.934
user-mention-service,0.9,text-service,7.919
user-service,0.9,text-service,5.506
user-timeline-service,0.9,text-service,5.591
compose-post-service,1.0,text-service,4.647
home-timeline-service,1.0,text-service,5.556
media-service,1.0,text-service,4.564
post-storage-service,1.0,text-service,5.973
social-graph-service,1.0,text-service,6.208
text-service,1.0,text-service,5.478
unique-id-service,1.0,text-service,5.076
url-shorten-service,1.0,text-service,5.804
user-mention-service,1.0,text-service,6.110
user-service,1.0,text-service,6.592
user-timeline-service,1.0,text-service,7.212
compose-post-service,0.1,unique-id-service,1304.576
home-timeline-service,0.1,unique-id-service,5.765
media-service,0.1,unique-id-service,5.412
post-storage-service,0.1,unique-id-service,5.670
social-graph-service,0.1,unique-id-service,4.959
text-service,0.1,unique-id-service,10002.895
unique-id-service,0.1,unique-id-service,4.675
url-shorten-service,0.1,unique-id-service,4.659
user-mention-service,0.1,unique-id-service,3502.513
user-service,0.1,unique-id-service,4.821
user-timeline-service,0.1,unique-id-service,5.287
compose-post-service,0.2,unique-id-service,695.017
home-timeline-service,0.2,unique-id-service,6.559
media-service,0.2,unique-id-service,4.347
post-storage-service,0.2,unique-id-service,6.393
social-graph-service,0.2,unique-id-service,5.424
text-service,0.2,unique-id-service,5.027
unique-id-service,0.2,unique-id-service,6.223
url-shorten-service,0.2,unique-id-service,4.911
user-mention-service,0.2,unique-id-service,5.484
user-service,0.2,unique-id-service,5.373
user-timeline-service,0.2,unique-id-service,5.570
compose-post-service,0.3,unique-id-service,5.724
home-timeline-service,0.3,unique-id-service,4.761
media-service,0.3,unique-id-service,5.984
post-storage-service,0.3,unique-id-service,5.759
social-graph-service,0.3,unique-id-service,4.754
text-service,0.3,unique-id-service,5.321
unique-id-service,0.3,unique-id-service,4.325
url-shorten-service,0.3,unique-id-service,5.745
user-mention-service,0.3,unique-id-service,5.018
user-service,0.3,unique-id-service,5.853
user-timeline-service,0.3,unique-id-service,5.119
compose-post-service,0.4,unique-id-service,4.258
home-timeline-service,0.4,unique-id-service,4.980
media-service,0.4,unique-id-service,4.456
post-storage-service,0.4,unique-id-service,5.354
social-graph-service,0.4,unique-id-service,5.343
text-service,0.4,unique-id-service,4.841
unique-id-service,0.4,unique-id-service,5.837
url-shorten-service,0.4,unique-id-service,6.360
user-mention-service,0.4,unique-id-service,5.844
user-service,0.4,unique-id-service,6.134
user-timeline-service,0.4,unique-id-service,7.947
compose-post-service,0.5,unique-id-service,4.912
home-timeline-service,0.5,unique-id-service,4.803
media-service,0.5,unique-id-service,5.587
post-storage-service,0.5,unique-id-service,4.394
social-graph-service,0.5,unique-id-service,5.576
text-service,0.5,unique-id-service,7.140
unique-id-service,0.5,unique-id-service,4.839
url-shorten-service,0.5,unique-id-service,7.416
user-mention-service,0.5,unique-id-service,5.763
user-service,0.5,unique-id-service,5.055
user-timeline-service,0.5,unique-id-service,7.020
compose-post-service,0.6,unique-id-service,4.941
home-timeline-service,0.6,unique-id-service,5.158
media-service,0.6,unique-id-service,5.947
post-storage-service,0.6,unique-id-service,5.517
social-graph-service,0.6,unique-id-service,7.346
text-service,0.6,unique-id-service,5.725
unique-id-service,0.6,unique-id-service,5.071
url-shorten-service,0.6,unique-id-service,4.163
user-mention-service,0.6,unique-id-service,4.579
user-service,0.6,unique-id-service,4.868
user-timeline-service,0.6,unique-id-service,5.065
compose-post-service,0.7,unique-id-service,4.536
home-timeline-service,0.7,unique-id-service,4.724
media-service,0.7,unique-id-service,5.308
post-storage-service,0.7,unique-id-service,7.132
social-graph-service,0.7,unique-id-service,4.186
text-service,0.7,unique-id-service,5.232
unique-id-service,0.7,unique-id-service,6.079
url-shorten-service,0.7,unique-id-service,5.787
user-mention-service,0.7,unique-id-service,5.975
user-service,0.7,unique-id-service,5.943
user-timeline-service,0.7,unique-id-service,5.931
compose-post-service,0.8,unique-id-service,5.256
home-timeline-service,0.8,unique-id-service,5.326
media-service,0.8,unique-id-service,4.248
post-storage-service,0.8,unique-id-service,4.731
social-graph-service,0.8,unique-id-service,5.664
text-service,0.8,unique-id-service,4.690
unique-id-service,0.8,unique-id-service,5.365
url-shorten-service,0.8,unique-id-service,5.368
user-mention-service,0.8,unique-id-service,5.519
user-service,0.8,unique-id-service,7.809
user-timeline-service,0.8,unique-id-service,5.121
compose-post-service,0.9,unique-id-service,5.414
home-timeline-service,0.9,unique-id-service,4.884
media-service,0.9,unique-id-service,4.110
post-storage-service,0.9,unique-id-service,5.708
social-graph-service,0.9,unique-id-service,5.621
text-service,0.9,unique-id-service,5.508
unique-id-service,0.9,unique-id-service,5.870
url-shorten-service,0.9,unique-id-service,4.710
user-mention-service,0.9,unique-id-service,5.557
user-service,0.9,unique-id-service,5.291
user-timeline-service,0.9,unique-id-service,4.921
compose-post-service,1.0,unique-id-service,4.133
home-timeline-service,1.0,unique-id-service,6.063
media-service,1.0,unique-id-service,5.828
post-storage-service,1.0,unique-id-service,5.093
social-graph-service,1.0,unique-id-service,5.296
text-service,1.0,unique-id-service,4.831
unique-id-service,1.0,unique-id-service,4.784
url-shorten-service,1.0,unique-id-service,5.927
user-mention-service,1.0,unique-id-service,4.684
user-service,1.0,unique-id-service,6.940
user-timeline-service,1.0,unique-id-service,5.364
compose-post-service,0.1,url-shorten-service,70440.709
home-timeline-service,0.1,url-shorten-service,5.354
media-service,0.1,url-shorten-service,5.482
post-storage-service,0.1,url-shorten-service,4.783
social-graph-service,0.1,url-shorten-service,5.546
text-service,0.1,url-shorten-service,19477.184
unique-id-service,0.1,url-shorten-service,5.337
url-shorten-service,0.1,url-shorten-service,5.990
user-mention-service,0.1,url-shorten-service,5899.947
user-service,0.1,url-shorten-service,7.023
user-timeline-service,0.1,url-shorten-service,6.720
compose-post-service,0.2,url-shorten-service,185.986
home-timeline-service,0.2,url-shorten-service,5.303
media-service,0.2,url-shorten-service,5.084
post-storage-service,0.2,url-shorten-service,5.122
social-graph-service,0.2,url-shorten-service,4.217
text-service,0.2,url-shorten-service,4.456
unique-id-service,0.2,url-shorten-service,4.241
url-shorten-service,0.2,url-shorten-service,4.246
user-mention-service,0.2,url-shorten-service,5.536
user-service,0.2,url-shorten-service,4.580
user-timeline-service,0.2,url-shorten-service,6.168
compose-post-service,0.3,url-shorten-service,16196.843
home-timeline-service,0.3,url-shorten-service,5.448
media-service,0.3,url-shorten-service,4.760
post-storage-service,0.3,url-shorten-service,7.200
social-graph-service,0.3,url-shorten-service,5.031
text-service,0.3,url-shorten-service,5.006
unique-id-service,0.3,url-shorten-service,6.562
url-shorten-service,0.3,url-shorten-service,6.159
user-mention-service,0.3,url-shorten-service,5.175
user-service,0.3,url-shorten-service,8.783
user-timeline-service,0.3,url-shorten-service,6.979
compose-post-service,0.4,url-shorten-service,4.479
home-timeline-service,0.4,url-shorten-service,5.092
media-service,0.4,url-shorten-service,5.003
post-storage-service,0.4,url-shorten-service,5.770
social-graph-service,0.4,url-shorten-service,3.940
text-service,0.4,url-shorten-service,5.244
unique-id-service,0.4,url-shorten-service,6.921
url-shorten-service,0.4,url-shorten-service,5.508
user-mention-service,0.4,url-shorten-service,5.437
user-service,0.4,url-shorten-service,5.424
user-timeline-service,0.4,url-shorten-service,11.934
compose-post-service,0.5,url-shorten-service,4.707
home-timeline-service,0.5,url-shorten-service,3.906
media-service,0.5,url-shorten-service,5.972
post-storage-service,0.5,url-shorten-service,4.941
social-graph-service,0.5,url-shorten-service,4.606
text-service,0.5,url-shorten-service,5.011
unique-id-service,0.5,url-shorten-service,4.993
url-shorten-service,0.5,url-shorten-service,7.297
user-mention-service,0.5,url-shorten-service,4.623
user-service,0.5,url-shorten-service,5.638
user-timeline-service,0.5,url-shorten-service,7.656
compose-post-service,0.6,url-shorten-service,4.633
home-timeline-service,0.6,url-shorten-service,5.846
media-service,0.6,url-shorten-service,5.042
post-storage-service,0.6,url-shorten-service,5.754
social-graph-service,0.6,url-shorten-service,6.451
text-service,0.6,url-shorten-service,5.644
unique-id-service,0.6,url-shorten-service,4.539
url-shorten-service,0.6,url-shorten-service,5.001
user-mention-service,0.6,url-shorten-service,5.805
user-service,0.6,url-shorten-service,4.861
user-timeline-service,0.6,url-shorten-service,5.569
compose-post-service,0.7,url-shorten-service,4.635
home-timeline-service,0.7,url-shorten-service,6.681
media-service,0.7,url-shorten-service,6.689
post-storage-service,0.7,url-shorten-service,6.459
social-graph-service,0.7,url-shorten-service,3.811
text-service,0.7,url-shorten-service,6.079
unique-id-service,0.7,url-shorten-service,4.890
url-shorten-service,0.7,url-shorten-service,5.196
user-mention-service,0.7,url-shorten-service,5.630
user-service,0.7,url-shorten-service,7.692
user-timeline-service,0.7,url-shorten-service,4.914
compose-post-service,0.8,url-shorten-service,5.594
home-timeline-service,0.8,url-shorten-service,4.452
media-service,0.8,url-shorten-service,5.382
post-storage-service,0.8,url-shorten-service,4.236
social-graph-service,0.8,url-shorten-service,5.618
text-service,0.8,url-shorten-service,4.883
unique-id-service,0.8,url-shorten-service,4.970
url-shorten-service,0.8,url-shorten-service,8.346
user-mention-service,0.8,url-shorten-service,5.569
user-service,0.8,url-shorten-service,7.809
user-timeline-service,0.8,url-shorten-service,5.609
compose-post-service,0.9,url-shorten-service,5.153
home-timeline-service,0.9,url-shorten-service,4.135
media-service,0.9,url-shorten-service,4.622
post-storage-service,0.9,url-shorten-service,5.133
social-graph-service,0.9,url-shorten-service,4.960
text-service,0.9,url-shorten-service,4.922
unique-id-service,0.9,url-shorten-service,6.995
url-shorten-service,0.9,url-shorten-service,5.836
user-mention-service,0.9,url-shorten-service,4.156
user-service,0.9,url-shorten-service,6.575
user-timeline-service,0.9,url-shorten-service,4.967
compose-post-service,1.0,url-shorten-service,4.490
home-timeline-service,1.0,url-shorten-service,7.407
media-service,1.0,url-shorten-service,5.273
post-storage-service,1.0,url-shorten-service,4.877
social-graph-service,1.0,url-shorten-service,4.824
text-service,1.0,url-shorten-service,5.261
unique-id-service,1.0,url-shorten-service,5.000
url-shorten-service,1.0,url-shorten-service,4.811
user-mention-service,1.0,url-shorten-service,5.508
user-service,1.0,url-shorten-service,6.535
user-timeline-service,1.0,url-shorten-service,5.179
compose-post-service,0.1,user-mention-service,69224.083
home-timeline-service,0.1,user-mention-service,5.270
media-service,0.1,user-mention-service,6.866
post-storage-service,0.1,user-mention-service,4.595
social-graph-service,0.1,user-mention-service,5.366
text-service,0.1,user-mention-service,19889.803
unique-id-service,0.1,user-mention-service,5.610
url-shorten-service,0.1,user-mention-service,6.716
user-mention-service,0.1,user-mention-service,14096.697
user-service,0.1,user-mention-service,5.094
user-timeline-service,0.1,user-mention-service,7.195
compose-post-service,0.2,user-mention-service,377.735
home-timeline-service,0.2,user-mention-service,5.164
media-service,0.2,user-mention-service,5.955
post-storage-service,0.2,user-mention-service,3.853
social-graph-service,0.2,user-mention-service,5.292
text-service,0.2,user-mention-service,4.012
unique-id-service,0.2,user-mention-service,5.174
url-shorten-service,0.2,user-mention-service,4.646
user-mention-service,0.2,user-mention-service,7.506
user-service,0.2,user-mention-service,5.520
user-timeline-service,0.2,user-mention-service,5.505
compose-post-service,0.3,user-mention-service,17198.620
home-timeline-service,0.3,user-mention-service,5.841
media-service,0.3,user-mention-service,5.651
post-storage-service,0.3,user-mention-service,5.528
social-graph-service,0.3,user-mention-service,5.624
text-service,0.3,user-mention-service,5.016
unique-id-service,0.3,user-mention-service,6.158
url-shorten-service,0.3,user-mention-service,5.786
user-mention-service,0.3,user-mention-service,7.051
user-service,0.3,user-mention-service,4.666
user-timeline-service,0.3,user-mention-service,5.081
compose-post-service,0.4,user-mention-service,5.014
home-timeline-service,0.4,user-mention-service,6.138
media-service,0.4,user-mention-service,4.761
post-storage-service,0.4,user-mention-service,4.472
social-graph-service,0.4,user-mention-service,6.538
text-service,0.4,user-mention-service,4.329
unique-id-service,0.4,user-mention-service,5.501
url-shorten-service,0.4,user-mention-service,5.617
user-mention-service,0.4,user-mention-service,4.622
user-service,0.4,user-mention-service,5.094
user-timeline-service,0.4,user-mention-service,5.412
compose-post-service,0.5,user-mention-service,4.368
home-timeline-service,0.5,user-mention-service,3.906
media-service,0.5,user-mention-service,5.989
post-storage-service,0.5,user-mention-service,4.869
social-graph-service,0.5,user-mention-service,5.050
text-service,0.5,user-mention-service,4.935
unique-id-service,0.5,user-mention-service,4.308
url-shorten-service,0.5,user-mention-service,5.403
user-mention-service,0.5,user-mention-service,5.439
user-service,0.5,user-mention-service,5.068
user-timeline-service,0.5,user-mention-service,5.748
compose-post-service,0.6,user-mention-service,4.891
home-timeline-service,0.6,user-mention-service,4.915
media-service,0.6,user-mention-service,5.010
post-storage-service,0.6,user-mention-service,5.663
social-graph-service,0.6,user-mention-service,4.330
text-service,0.6,user-mention-service,5.821
unique-id-service,0.6,user-mention-service,4.694
url-shorten-service,0.6,user-mention-service,4.686
user-mention-service,0.6,user-mention-service,6.415
user-service,0.6,user-mention-service,4.322
user-timeline-service,0.6,user-mention-service,6.310
compose-post-service,0.7,user-mention-service,5.710
home-timeline-service,0.7,user-mention-service,6.230
media-service,0.7,user-mention-service,4.395
post-storage-service,0.7,user-mention-service,4.130
social-graph-service,0.7,user-mention-service,4.968
text-service,0.7,user-mention-service,6.127
unique-id-service,0.7,user-mention-service,6.884
url-shorten-service,0.7,user-mention-service,5.776
user-mention-service,0.7,user-mention-service,6.793
user-service,0.7,user-mention-service,6.244
user-timeline-service,0.7,user-mention-service,5.298
compose-post-service,0.8,user-mention-service,4.398
home-timeline-service,0.8,user-mention-service,4.495
media-service,0.8,user-mention-service,4.600
post-storage-service,0.8,user-mention-service,5.151
social-graph-service,0.8,user-mention-service,4.597
text-service,0.8,user-mention-service,6.160
unique-id-service,0.8,user-mention-service,5.794
url-shorten-service,0.8,user-mention-service,6.764
user-mention-service,0.8,user-mention-service,4.951
user-service,0.8,user-mention-service,5.855
user-timeline-service,0.8,user-mention-service,5.742
compose-post-service,0.9,user-mention-service,4.967
home-timeline-service,0.9,user-mention-service,5.035
media-service,0.9,user-mention-service,4.524
post-storage-service,0.9,user-mention-service,4.013
social-graph-service,0.9,user-mention-service,4.733
text-service,0.9,user-mention-service,4.881
unique-id-service,0.9,user-mention-service,4.160
url-shorten-service,0.9,user-mention-service,4.710
user-mention-service,0.9,user-mention-service,5.802
user-service,0.9,user-mention-service,4.831
user-timeline-service,0.9,user-mention-service,5.651
compose-post-service,1.0,user-mention-service,5.766
home-timeline-service,1.0,user-mention-service,4.666
media-service,1.0,user-mention-service,4.359
post-storage-service,1.0,user-mention-service,5.120
social-graph-service,1.0,user-mention-service,4.824
text-service,1.0,user-mention-service,5.308
unique-id-service,1.0,user-mention-service,5.549
url-shorten-service,1.0,user-mention-service,5.231
user-mention-service,1.0,user-mention-service,5.785
user-service,1.0,user-mention-service,6.497
user-timeline-service,1.0,user-mention-service,5.280
compose-post-service,0.1,user-service,70251.902
home-timeline-service,0.1,user-service,4.288
media-service,0.1,user-service,5.474
post-storage-service,0.1,user-service,5.448
social-graph-service,0.1,user-service,4.639
text-service,0.1,user-service,0.221
unique-id-service,0.1,user-service,3.970
url-shorten-service,0.1,user-service,5.676
user-mention-service,0.1,user-service,4998.493
user-service,0.1,user-service,7.080
user-timeline-service,0.1,user-service,5.373
compose-post-service,0.2,user-service,46663.999
home-timeline-service,0.2,user-service,5.389
media-service,0.2,user-service,5.558
post-storage-service,0.2,user-service,5.336
social-graph-service,0.2,user-service,4.028
text-service,0.2,user-service,6.448
unique-id-service,0.2,user-service,6.124
url-shorten-service,0.2,user-service,5.238
user-mention-service,0.2,user-service,4.454
user-service,0.2,user-service,5.171
user-timeline-service,0.2,user-service,7.242
compose-post-service,0.3,user-service,11987.796
home-timeline-service,0.3,user-service,5.207
media-service,0.3,user-service,5.307
post-storage-service,0.3,user-service,5.761
social-graph-service,0.3,user-service,5.721
text-service,0.3,user-service,5.832
unique-id-service,0.3,user-service,5.761
url-shorten-service,0.3,user-service,7.521
user-mention-service,0.3,user-service,6.301
user-service,0.3,user-service,5.888
user-timeline-service,0.3,user-service,4.517
compose-post-service,0.4,user-service,4.818
home-timeline-service,0.4,user-service,5.249
media-service,0.4,user-service,4.638
post-storage-service,0.4,user-service,4.386
social-graph-service,0.4,user-service,3.940
text-service,0.4,user-service,5.405
unique-id-service,0.4,user-service,5.640
url-shorten-service,0.4,user-service,6.477
user-mention-service,0.4,user-service,5.174
user-service,0.4,user-service,6.044
user-timeline-service,0.4,user-service,6.007
compose-post-service,0.5,user-service,4.194
home-timeline-service,0.5,user-service,4.865
media-service,0.5,user-service,5.042
post-storage-service,0.5,user-service,4.429
social-graph-service,0.5,user-service,4.953
text-service,0.5,user-service,5.966
unique-id-service,0.5,user-service,5.479
url-shorten-service,0.5,user-service,4.790
user-mention-service,0.5,user-service,5.020
user-service,0.5,user-service,6.117
user-timeline-service,0.5,user-service,5.076
compose-post-service,0.6,user-service,4.177
home-timeline-service,0.6,user-service,4.405
media-service,0.6,user-service,5.627
post-storage-service,0.6,user-service,4.260
social-graph-service,0.6,user-service,4.357
text-service,0.6,user-service,5.119
unique-id-service,0.6,user-service,4.801
url-shorten-service,0.6,user-service,6.522
user-mention-service,0.6,user-service,4.767
user-service,0.6,user-service,4.861
user-timeline-service,0.6,user-service,5.041
compose-post-service,0.7,user-service,4.524
home-timeline-service,0.7,user-service,4.764
media-service,0.7,user-service,7.068
post-storage-service,0.7,user-service,4.594
social-graph-service,0.7,user-service,5.856
text-service,0.7,user-service,4.700
unique-id-service,0.7,user-service,5.535
url-shorten-service,0.7,user-service,4.585
user-mention-service,0.7,user-service,5.613
user-service,0.7,user-service,5.024
user-timeline-service,0.7,user-service,4.936
compose-post-service,0.8,user-service,5.805
home-timeline-service,0.8,user-service,5.204
media-service,0.8,user-service,4.310
post-storage-service,0.8,user-service,4.705
social-graph-service,0.8,user-service,4.098
text-service,0.8,user-service,4.829
unique-id-service,0.8,user-service,4.875
url-shorten-service,0.8,user-service,6.006
user-mention-service,0.8,user-service,5.824
user-service,0.8,user-service,5.197
user-timeline-service,0.8,user-service,5.476
compose-post-service,0.9,user-service,4.323
home-timeline-service,0.9,user-service,5.977
media-service,0.9,user-service,5.558
post-storage-service,0.9,user-service,4.091
social-graph-service,0.9,user-service,5.065
text-service,0.9,user-service,5.042
unique-id-service,0.9,user-service,4.322
url-shorten-service,0.9,user-service,6.166
user-mention-service,0.9,user-service,5.786
user-service,0.9,user-service,5.639
user-timeline-service,0.9,user-service,6.688
compose-post-service,1.0,user-service,4.684
home-timeline-service,1.0,user-service,4.353
media-service,1.0,user-service,5.077
post-storage-service,1.0,user-service,5.210
social-graph-service,1.0,user-service,4.586
text-service,1.0,user-service,4.965
unique-id-service,1.0,user-service,4.706
url-shorten-service,1.0,user-service,6.331
user-mention-service,1.0,user-service,5.322
user-service,1.0,user-service,6.634
user-timeline-service,1.0,user-service,6.067
compose-post-service,0.1,user-timeline-service,404.692
home-timeline-service,0.1,user-timeline-service,4.505
media-service,0.1,user-timeline-service,5.485
post-storage-service,0.1,user-timeline-service,6.185
social-graph-service,0.1,user-timeline-service,4.591
text-service,0.1,user-timeline-service,19492.035
unique-id-service,0.1,user-timeline-service,6.048
url-shorten-service,0.1,user-timeline-service,5.676
user-mention-service,0.1,user-timeline-service,4532.187
user-service,0.1,user-timeline-service,5.161
user-timeline-service,0.1,user-timeline-service,6.462
compose-post-service,0.2,user-timeline-service,55516.026
home-timeline-service,0.2,user-timeline-service,4.882
media-service,0.2,user-timeline-service,4.091
post-storage-service,0.2,user-timeline-service,4.755
social-graph-service,0.2,user-timeline-service,4.700
text-service,0.2,user-timeline-service,4.815
unique-id-service,0.2,user-timeline-service,4.241
url-shorten-service,0.2,user-timeline-service,6.689
user-mention-service,0.2,user-timeline-service,5.564
user-service,0.2,user-timeline-service,7.048
user-timeline-service,0.2,user-timeline-service,5.820
compose-post-service,0.3,user-timeline-service,101.067
home-timeline-service,0.3,user-timeline-service,4.743
media-service,0.3,user-timeline-service,5.101
post-storage-service,0.3,user-timeline-service,5.855
social-graph-service,0.3,user-timeline-service,5.031
text-service,0.3,user-timeline-service,5.757
unique-id-service,0.3,user-timeline-service,7.121
url-shorten-service,0.3,user-timeline-service,4.528
user-mention-service,0.3,user-timeline-service,5.360
user-service,0.3,user-timeline-service,6.302
user-timeline-service,0.3,user-timeline-service,6.348
compose-post-service,0.4,user-timeline-service,4.410
home-timeline-service,0.4,user-timeline-service,5.474
media-service,0.4,user-timeline-service,5.703
post-storage-service,0.4,user-timeline-service,5.009
social-graph-service,0.4,user-timeline-service,5.364
text-service,0.4,user-timeline-service,5.069
unique-id-service,0.4,user-timeline-service,4.130
url-shorten-service,0.4,user-timeline-service,5.396
user-mention-service,0.4,user-timeline-service,6.744
user-service,0.4,user-timeline-service,5.665
user-timeline-service,0.4,user-timeline-service,6.873
compose-post-service,0.5,user-timeline-service,5.279
home-timeline-service,0.5,user-timeline-service,4.924
media-service,0.5,user-timeline-service,6.472
post-storage-service,0.5,user-timeline-service,4.849
social-graph-service,0.5,user-timeline-service,4.371
text-service,0.5,user-timeline-service,5.366
unique-id-service,0.5,user-timeline-service,5.323
url-shorten-service,0.5,user-timeline-service,7.042
user-mention-service,0.5,user-timeline-service,5.762
user-service,0.5,user-timeline-service,5.111
user-timeline-service,0.5,user-timeline-service,5.505
compose-post-service,0.6,user-timeline-service,4.960
home-timeline-service,0.6,user-timeline-service,4.364
media-service,0.6,user-timeline-service,4.848
post-storage-service,0.6,user-timeline-service,5.642
social-graph-service,0.6,user-timeline-service,5.049
text-service,0.6,user-timeline-service,5.216
unique-id-service,0.6,user-timeline-service,4.694
url-shorten-service,0.6,user-timeline-service,6.041
user-mention-service,0.6,user-timeline-service,4.821
user-service,0.6,user-timeline-service,4.636
user-timeline-service,0.6,user-timeline-service,5.441
compose-post-service,0.7,user-timeline-service,5.137
home-timeline-service,0.7,user-timeline-service,6.230
media-service,0.7,user-timeline-service,5.428
post-storage-service,0.7,user-timeline-service,7.379
social-graph-service,0.7,user-timeline-service,6.398
text-service,0.7,user-timeline-service,4.688
unique-id-service,0.7,user-timeline-service,5.354
url-shorten-service,0.7,user-timeline-service,6.798
user-mention-service,0.7,user-timeline-service,7.356
user-service,0.7,user-timeline-service,5.154
user-timeline-service,0.7,user-timeline-service,4.853
compose-post-service,0.8,user-timeline-service,4.114
home-timeline-service,0.8,user-timeline-service,4.032
media-service,0.8,user-timeline-service,5.307
post-storage-service,0.8,user-timeline-service,4.705
social-graph-service,0.8,user-timeline-service,5.090
text-service,0.8,user-timeline-service,4.692
unique-id-service,0.8,user-timeline-service,5.729
url-shorten-service,0.8,user-timeline-service,6.350
user-mention-service,0.8,user-timeline-service,6.091
user-service,0.8,user-timeline-service,5.713
user-timeline-service,0.8,user-timeline-service,8.029
compose-post-service,0.9,user-timeline-service,5.147
home-timeline-service,0.9,user-timeline-service,5.744
media-service,0.9,user-timeline-service,6.476
post-storage-service,0.9,user-timeline-service,5.118
social-graph-service,0.9,user-timeline-service,6.048
text-service,0.9,user-timeline-service,4.889
unique-id-service,0.9,user-timeline-service,4.914
url-shorten-service,0.9,user-timeline-service,5.722
user-mention-service,0.9,user-timeline-service,6.082
user-service,0.9,user-timeline-service,5.898
user-timeline-service,0.9,user-timeline-service,5.427
compose-post-service,1.0,user-timeline-service,5.826
home-timeline-service,1.0,user-timeline-service,5.510
media-service,1.0,user-timeline-service,4.611
post-storage-service,1.0,user-timeline-service,4.359
social-graph-service,1.0,user-timeline-service,5.885
text-service,1.0,user-timeline-service,4.940
unique-id-service,1.0,user-timeline-service,5.773
url-shorten-service,1.0,user-timeline-service,6.334
user-mention-service,1.0,user-timeline-service,5.662
user-service,1.0,user-timeline-service,6.526
user-timeline-service,1.0,user-timeline-service,5.252
